{"cameraMode":{"drawMode":0,"name":"Shaded","section":"Shading Mode"},"sceneLighting":true,"audioPlay":false,"sceneViewState":{"showFog":true,"showMaterialUpdate":false,"showSkybox":false,"showFlares":true,"showImageEffects":true,"showParticleSystems":true},"in2DMode":false,"pivot":{"x":-1.0201292037963868,"y":1.0355401039123536,"z":0.38439178466796877},"rotation":{"x":-0.08147790282964707,"y":0.8947702050209045,"z":-0.1825992316007614,"w":-0.3992569148540497},"size":6.353265762329102,"orthographic":false}