{"cameraMode":{"drawMode":0,"name":"Shaded","section":"Shading Mode"},"sceneLighting":true,"audioPlay":false,"sceneViewState":{"showFog":true,"showMaterialUpdate":false,"showSkybox":false,"showFlares":true,"showImageEffects":true,"showParticleSystems":true},"in2DMode":false,"pivot":{"x":-1.4991731643676758,"y":4.183127403259277,"z":-0.40028953552246096},"rotation":{"x":-0.028745196759700776,"y":0.9150426983833313,"z":-0.06628192961215973,"w":-0.39683499932289126},"size":6.353265762329102,"orthographic":false}